,Growth,Real Rates,Commodity,Emerging Markets
2015-01-23,0.01881645330397208,0.0020464096473598037,-0.02989397293563467,0.028518337495383572
2015-01-30,-0.01572682108523127,0.0013128624047262782,0.026182591836384494,-0.034402221350668616
2015-02-06,0.025384703626620375,-0.008413155115271187,0.04999916400541715,0.005671348614120442
2015-02-13,0.018107719354323093,-0.004076985234702124,0.025379223368376058,0.00030068256246951197
2015-02-20,0.010078018303690595,0.000516319380416963,-0.023055229434163826,-0.009726668885124412
2015-02-27,0.0032014919574170353,0.006782409967193592,0.012195470889512672,0.004966716286571082
2015-03-06,-0.015476135148951964,-0.03152345037161797,-0.024552498751488017,-0.02284862239968316
2015-03-13,-0.010857250755286985,-0.007938908211099216,-0.05254989341902738,-0.039634989648700325
2015-03-20,0.03151347395883031,0.03566801310875678,0.012245022804358241,0.025881898282549498
2015-03-27,-0.014542818808506608,0.0005151225255723979,0.011428763282915533,0.0011623708152971313
2015-04-03,0.0047574334898277115,-0.00029420417769943086,0.0,0.04403088868737948
2015-04-10,0.016447573359915424,-0.010741612713360604,0.01685316797732117,0.04015352704241337
2015-04-17,-0.00424456022065578,0.018295403837572444,0.04221972669639529,0.008383755496407352
2015-04-24,0.017373774679531495,0.0035787321063396327,0.008601167077513905,0.010508920262530919
2015-05-01,-0.007774685382381352,-0.003347645731751725,0.019310259157466536,-0.0041232199974165495
2015-05-08,0.004923930607640514,0.0028842643300475146,-0.0010998619840779655,-0.009112879682618757
2015-05-15,0.00937485778431757,0.009829262077250656,0.01125473522396625,0.013648682512025223
2015-05-22,-0.0012023024091133427,-0.02166624607952694,-0.019586671170736425,-0.007777925924491835
2015-05-29,-0.012865074707714586,-0.0013265531726730506,-0.006411163546197973,-0.032024200506157285
2015-06-05,-0.009039082982744917,-0.012840380783705863,-0.015118864057168668,-0.01946712753429014
2015-06-12,0.005691344541692844,0.010652612693428987,0.007840523623742879,-0.0009857584822995369
2015-06-19,0.002997812820238366,0.011871740818817367,-0.014554642294555276,0.0007870864593950699
2015-06-26,0.0010826966771886326,-0.016045321637427112,0.009708184692911903,-0.00017017692926091232
2015-07-03,-0.017487204484523566,0.004271758107054158,0.0,-0.00899820277622465
2015-07-10,-0.0024651162790698677,-0.005807072052078643,-0.04604277303706128,-0.032412882928192
2015-07-17,0.020204846054615144,-0.0016369656609248606,-0.02593173161922968,0.001969492182820942
2015-07-24,-0.01946953885528857,0.005999627352338166,-0.044691776200372346,-0.03459075159753422
2015-07-31,0.010937961251029193,0.010520077048451704,-0.02134474733455527,-0.023590922225863786
2015-08-07,-0.00995896537415264,-0.005021994134897345,-0.03496717992761178,-0.012681747606223481
2015-08-14,-0.0005743647060649781,0.004236819806211489,-0.0039038690932479136,-0.037478163059816993
2015-08-21,-0.05180019260041635,0.009391738205297484,-0.04630175349027532,-0.04725520870986022
2015-08-28,0.0050780546136584,-0.021152867631024197,0.05040759853414123,0.0016800747574682307
2015-09-04,-0.03595351793601387,-0.00033417495915633033,-0.0021135073354444645,-0.030179672497339494
2015-09-11,0.02011800307687106,0.006685733387809423,-0.00958350075669101,0.008576958676105195
2015-09-18,0.003993967617374805,0.006087886949784238,-0.017596942431722162,0.03785401869895877
2015-09-25,-0.02355485127595669,-0.021233680504620822,0.012362117808705664,-0.047473027723481276
2015-10-02,0.008131180796213444,0.01494997939225895,-0.010400265344013282,0.01988266479671441
2015-10-09,0.0415017774498625,-0.001919669226225551,0.053961698635836663,0.06657550591480921
2015-10-16,0.005393569577047508,0.0038467228880010307,-0.031014694056583192,0.008993662060775787
2015-10-23,0.012538833552188988,-0.008327192336035294,-0.032810879118806424,-0.006977505636974302
2015-10-30,-0.0005693589966629942,0.0014490599687895234,0.017796620085258397,-0.021035219782045533
2015-11-06,0.0007121041887552249,-0.027195488442844917,-0.02992412630288155,0.0005935290443419561
2015-11-13,-0.02855877794996675,0.008047292143402052,-0.052348203246283975,-0.026761621051228146
2015-11-20,0.028372835004557784,0.004086111006015525,-0.005160505045873287,0.024329248544240234
2015-11-27,0.000633161851998354,0.0009796902671539431,-0.001227682780177819,-0.028632846326598793
2015-12-04,-0.0033694534525033903,-3.76435159044064e-05,-0.017565277218418496,-0.007332439124105583
2015-12-11,-0.033332275165867786,0.005985544345731286,-0.0664998441376542,-0.05237347679637783
2015-12-18,-0.0021017372171685533,-0.012947648093402875,-0.020758618165849452,0.030186044790894706
2015-12-25,0.023825978214367938,0.0,0.0,0.007546215490876862
2016-01-01,-0.00549644820160089,0.0,0.0,-0.00886691109985227
2016-01-08,-0.06027795733678076,-0.007620275239792251,-0.04172934086980895,-0.05541026309674285
2016-01-15,-0.02780739466895954,-0.0035528728606357696,-0.06842256638246635,-0.04058669764655348
2016-01-22,0.009198167442024952,-0.0021853314419353342,0.0395602325471871,-0.0019345729807989098
2016-01-29,0.017106900601195463,0.008414662260816108,0.03612686939057008,0.04212950589048314
2016-02-05,-0.023178066139344033,0.016307868165365003,-0.035484215742477176,0.008255610520143952
2016-02-12,-0.0264272105003176,-0.00041240205451209544,-0.013151399760242488,-0.026568941039395666
2016-02-19,0.03714710252600306,-0.01053934438526738,-0.004164901517432873,0.028221192091807734
2016-02-26,0.012125235865539041,-0.010120920359349639,0.021408765446652378,-0.007069509273356256
2016-03-04,0.0370964957707578,0.014245232442368083,0.049005439473314594,0.07212093586926605
2016-03-11,0.011235206977479706,0.010647134335120434,0.03723989476201872,0.01416356991285106
2016-03-18,0.01376041083714652,0.014644351464435212,0.01181082389835586,0.03347682630847748
2016-03-25,-0.01328137684689068,-0.017010309278350566,0.0,-0.016499824403343744
2016-04-01,0.012423484499440418,0.013371788148925035,-0.056245328082554,0.028914999827123977
2016-04-08,-0.003803208347554765,0.0021437811864719603,0.03488911212425627,-0.011483405164580351
2016-04-15,0.02440735483660461,-0.003725150296905455,0.014845062535000952,0.02951607737653994
2016-04-22,0.009285065855484387,-0.002739523174885239,0.034939598364764235,-0.005097398294759525
2016-04-29,-0.007100927854572947,0.013660999331798873,0.03575062539156404,0.008325773333194342
2016-05-06,-0.015829121769810328,-0.003076246978685915,-0.028592265288174934,-0.04733163099896465
2016-05-13,-0.004166262959015676,-0.0026449195503637224,0.025936230347995082,-0.01260169696670993
2016-05-20,0.0034539793734189583,-0.003977900552486147,0.01549203014898004,-0.021285060670959366
2016-05-27,0.02297958985795323,0.005583906515790327,0.012525857099257465,0.019459003081342297
2016-06-03,0.003649116155632459,0.009193542455778969,0.005819137846584166,0.01090121457195603
2016-06-10,-0.00624862278465077,-0.003388842327733843,0.013385666182462952,0.021706146602605614
2016-06-17,-0.01895877219380082,0.004387568555758614,-0.013291001466281704,-0.011462099218552402
2016-06-24,-0.01667742977074571,-0.010338551146705455,-0.02016758451029599,0.010514920408417172
2016-07-01,0.03247574170456602,0.010446553373059553,0.019592849374659993,0.03761325180566244
2016-07-08,0.0007632980838037096,-0.0007280669821623231,-0.04967417209713165,-0.012478152993054326
2016-07-15,0.023946101409435316,-0.005318761384335069,0.005897001955436965,0.040881304819663344
2016-07-22,0.003833022967101307,-0.007910928801640904,-0.03342239579474071,0.00023888080365030984
2016-07-29,0.01052761760477372,0.020008860011813345,-0.027547923646841888,0.004693577569880647
2016-08-05,-0.002753640925223233,-0.007129931234165832,0.006199860885694353,0.022031515681618596
2016-08-12,0.012579002270356687,0.01527357562060283,0.025513049168844226,0.027709335183282113
2016-08-19,-0.0016210156344685922,0.0049906649432718275,0.049109530250805555,-0.0006839628134658882
2016-08-26,-0.0028375897179102605,0.008824264942302706,-0.019820005054594136,-0.010072169751264792
2016-09-02,0.005204370453784524,-0.004957858205255294,-0.043706079781840934,-0.008515485629055908
2016-09-09,-0.013518832505752587,-0.0055164068616984085,0.01949063855262012,0.02196110307723348
2016-09-16,-0.007274066571520632,-0.0067637691013848755,-0.02161030624686222,-0.024929569019375653
2016-09-23,0.021070042820263035,0.010196728399509913,0.009914462561908088,0.033064760040225516
2016-09-30,-0.0013777024162779927,0.0036380497200128037,0.036882289696095416,-0.014183631955873688
2016-10-07,-0.0079440881733146,-0.015103592878211725,0.018633975175117223,0.016734629513573074
2016-10-14,-0.01166006999098368,-0.020495056650068566,0.0042865733184433985,-0.016917410558326296
2016-10-21,0.0048860438506972415,0.005930892212480776,0.0004875586995014558,0.015776936431855404
2016-10-28,-0.007539621480227687,-0.01069322884242141,-0.015286493510934918,-0.004523848496311267
2016-11-04,-0.017023255813953475,0.02006292800296139,-0.056460435152546506,-0.01940450415679934
2016-11-11,0.0235008359357749,-0.022353666944877726,-0.011428571428571455,-0.06744799475555252
2016-11-18,0.002111200147938197,-0.024423740766861046,0.02434075191049323,-0.010410084902365613
2016-11-25,0.013993756631656584,0.004337404405889922,0.015184283221866934,0.004631005907930641
2016-12-02,-0.006475682069791766,0.008296397317877124,0.05828910033208312,0.0028649235136262163
2016-12-09,0.030834045671022103,-0.006462278328824844,0.006322368921856558,0.01830892057520561
2016-12-16,-0.00451637742107458,-0.017622144909998583,0.0035636690662599335,-0.030274978625331683
2016-12-23,0.0028113704315231303,0.010470398029101657,-0.0039027658549863897,-0.01492574414022585
2016-12-30,-0.0032336537320516445,0.01371428571428579,0.016218738570581648,0.031906956081562465
2017-01-06,0.018259472008095523,-0.001841413002630632,4.1368297818644706e-05,0.016716464400538755
2017-01-13,0.003624406284252757,0.001505967395805774,-0.004405541467934593,0.017680608889523608
2017-01-20,-0.003480261529276385,-0.003909627457614251,-0.0010055011716997297,0.0016792295652084954
2017-01-27,0.012157699389192311,0.009548250745367248,-0.004762221649184495,0.02410231487126413
2017-02-03,0.002295498512979055,0.0024672897196262866,0.007417808591285047,0.015064365965803628
2017-02-10,0.005531148721642065,0.0026103818615750285,0.007375634686224597,0.012396345674272613
2017-02-17,0.0121187812459711,-0.001859703935133572,-0.014548554203967945,0.009088909587882776
2017-02-24,0.0024626707239403522,0.004136234908332037,-0.002858229318579819,0.007406591025660214
2017-03-03,0.0036143387595477527,-0.01402753553271252,-0.008037716081718105,-0.018870368098051538
2017-03-10,-0.0023070971372300964,-0.003086303586886996,-0.050247774675020174,-0.007346899234631499
2017-03-17,0.011956966201830177,0.004492770038131866,0.007201540836161646,0.04697533243565166
2017-03-24,-0.008973233568811079,0.014695933248139559,-0.012873622102883009,0.013554405853422713
2017-03-31,0.006355008787346295,-0.0009630699707376955,0.026852543654397598,-0.016575889670994104
2017-04-07,-0.0045685066431954136,0.005264914167068424,0.01662607452977749,0.007062444551901581
2017-04-14,-0.006596491228070267,0.012687640615203,0.0,0.008528176518191266
2017-04-21,0.007276066685504512,-0.0006191499435481695,-0.03655688173655891,-0.003203670840287387
2017-04-28,0.019875166561469815,0.008272594752186668,-0.0005337959564957195,0.003578675804451592
2017-05-05,0.009888326548575188,-0.010048071709979456,-0.03058949195540428,-0.008147319469052339
2017-05-12,-0.00025874630605593474,0.0018985724195845766,0.019627017795162738,0.024996929348422126
2017-05-19,0.0020432626818502886,0.015196239204110507,0.030605123217477992,-0.009818725212855428
2017-05-26,0.01015469943720948,-0.003876803790652583,-0.013985250170392094,0.019558392839954974
2017-06-02,0.013147801746760113,0.0044684684684686005,-0.028783736479929822,-0.0038415692536682977
2017-06-09,-0.0052333767234280515,-0.00864605008251429,-0.015361312486598222,0.00706006621458477
2017-06-16,-0.00012017304919076377,-0.004161690732095602,-0.017167083680845074,-0.014507569828792921
2017-06-23,0.0014956665731875596,0.005778036194490799,-0.028277113829762168,0.002869391472481886
2017-06-30,-0.003280218681245506,-0.0030350110199803826,0.05270792802146351,0.005056416286481569
2017-07-07,-0.0020067158089071002,-0.012177001413401944,-0.01825044589157576,-0.0063487703864017475
2017-07-14,0.018592742530060713,0.006860622959239837,0.02465484623581715,0.044911553148832106
2017-07-21,0.0066459610980968975,0.014538696982947075,-0.00591461151860273,0.013034818707073459
2017-07-28,0.00013073433475829788,0.003052831950579815,0.04186061516623485,0.009653366289770648
2017-08-04,0.0033071463118128364,0.0009309653394444783,-0.005263972751199941,0.005958764538756656
2017-08-11,-0.015478020689475458,0.01033841310724748,-0.007066147859922101,-0.013194696541795115
2017-08-18,-0.0026863933515072214,-0.00711680770456391,-0.005849000833012319,0.017579737338591583
2017-08-25,0.008054350277987954,0.008772555452535302,-0.004067934048112565,0.026849991924374317
2017-09-01,0.012031064894037158,0.004171380090497667,0.019522609769446753,0.013277691954169057
2017-09-08,-0.0005072576869049605,0.019538125748081336,0.0019521458075451026,0.01075894427411983
2017-09-15,0.012362547986205952,-0.014087911329028868,0.020944680361151935,-0.003487130424590368
2017-09-22,0.00420335497139912,-0.00199628760550552,0.005616686111821867,-0.009374859797678603
2017-09-29,0.005196999564783145,-0.009299550814149238,0.0033986319212622185,-0.02992089792583319
2017-10-06,0.007067542787286163,-0.0070489887003648555,-0.01900741899710301,0.016199568900105432
2017-10-13,0.008269792496490957,0.014305079908675689,0.026268052439708534,0.02021406293546013
2017-10-20,0.0028719415077065324,-0.009847712165441558,-0.0008240151311378341,-0.013012877664156042
2017-10-27,-0.0004376860165570262,-0.008951088693922471,0.024215258133711393,-0.015875887949147682
2017-11-03,0.006292927650098257,0.0081717501164833,0.020989348875436464,0.008849670325572934
2017-11-10,-0.00292165004848699,0.006825695901027329,0.012058482208528787,0.004268833447725773
2017-11-17,-0.0014713400416465072,0.004025281593164287,-0.009250025234682435,0.010265672119697256
2017-11-24,0.014173149685942965,0.011605415860734825,0.014071822123691735,0.01741147833544121
2017-12-01,0.004210992907801581,0.0016339301234140624,-0.0037976667457009228,-0.029960005879660967
2017-12-08,0.0008950685401798442,-0.0069762598917118,-0.02131170025656326,-0.007856052065583707
2017-12-15,0.00578211708787113,0.004683513334032385,-0.0008408591602124815,0.00995906592067708
2017-12-22,0.007636748961669992,-0.0038267524786917972,0.023221468204038587,0.02899731621204793
2017-12-29,0.0036020790523390023,0.012048192771084265,0.030790133610714587,0.021755917588533902
2018-01-05,0.024401406754347876,0.0008281573498964967,0.0032659159623109613,0.033878887836055305
2018-01-12,0.013497307592823304,0.0015859881395667852,0.02259986121182367,0.0030025813811709323
2018-01-19,0.009582144265794179,0.0044406196213426785,-0.0060350053182770536,0.021263884553733514
2018-01-26,0.01818954819138674,0.008910517838171206,0.029314973918380005,0.035663284177228305
2018-02-02,-0.03385584182550694,-0.008797853187947902,-0.014640617372737696,-0.018032441157519175
2018-02-09,-0.05555360876522886,-0.012851267991775162,-0.0641937118524849,-0.047413737722951876
2018-02-16,0.04308948116999578,0.009546953653879475,0.032765023700895846,0.03370469819542976
2018-02-23,0.0021698146764841386,-0.0027510316368638543,0.018206575966380534,0.013024156236032924
2018-03-02,-0.022207235985897134,-0.0008965517241379395,-0.021754669126123893,-0.019809565464155687
2018-03-09,0.029221368503841605,-0.0014150617795265497,0.006395373960456974,0.0045013981581482065
2018-03-16,-0.0052316012226664155,0.007050772474337386,0.00046840784270885116,0.004527528924275492
2018-03-23,-0.04371565325296933,0.010570751964855685,0.02406098936041534,-0.008400076389658506
2018-03-30,0.015818873893914676,0.0011886568177958967,0.0,-0.005402643777558391
2018-04-06,-0.0063141758723053165,-0.004681139755766561,-0.025034860595716024,-0.0035918471034716015
2018-04-13,0.017838559202713267,0.004055619930475096,0.054665244252705136,-0.0050013699488485885
2018-04-20,0.006254961868790154,-0.01462951019992531,0.012012212292324298,-0.00879082044199131
2018-04-27,-0.0018289621536328182,-0.006028246641405444,-0.0009482525060959812,-0.020513765740078738
2018-05-04,-0.0021915905198740537,-0.006134118870213312,0.013680256527714096,-0.019453505137729643
2018-05-11,0.021315922129671927,-0.0008020085082640627,0.011659098796853229,0.015441807043240607
2018-05-18,-0.003407995863398239,-0.012249171174315121,0.010077439044001268,-0.032094112218052306
2018-05-25,-0.003679071741898965,0.00014132278123213382,-0.014070255755290084,0.0036915348199649256
2018-06-01,-4.734176016663039e-05,0.004027130139889978,-0.009921916490835292,-0.003051936730984084
2018-06-08,0.014108512451472377,-0.0038702413623250553,-0.0019354067072353542,-0.006262842435978522
2018-06-15,-0.002299253034547033,0.0038146369030798155,-0.026149605813121535,-0.02033775115276021
2018-06-22,-0.008633295509048566,-0.00014074595355373365,0.017279696915458498,-0.022694913406274553
2018-06-29,-0.012744114697032405,0.0020411036036036556,0.034291264982955205,-0.01886532409776509
2018-07-06,0.010912567979441734,0.007620987567605653,-0.013392872964400282,-0.01032866466502047
2018-07-13,0.008784790371018536,-0.003833954898748826,-0.026251320109488274,0.013943890320908259
2018-07-20,0.00230892746217215,-0.002834050593051307,-0.012110905348276302,-0.012133190826159823
2018-07-27,0.006805584789167263,-0.003719298245614011,0.015851677589200808,0.025129959321815942
2018-08-03,-0.0007200929152149094,-0.005282806226667658,-0.005021320394059781,-0.019136680854755284
2018-08-10,-0.0058346312094655906,-0.003469763489590827,-0.00757738090839899,-0.01798594475539833
2018-08-17,-0.0009703516647961985,-0.0014922191430397636,-0.013814900436671551,-0.04607234794358356
2018-08-24,0.012685335798626074,0.00622687161969826,0.027326055444827135,0.020204053294709645
2018-08-31,0.007534349469013213,-0.00099013402171233,0.010964501324632225,-0.002491717935805493
2018-09-07,-0.01762837055133104,-0.0054865314502141604,-0.015937630617696708,-0.026787010135909506
2018-09-14,0.01368327651426715,0.0017440205011389764,0.007996306555863475,-0.002224236386594858
2018-09-21,0.014466046254491882,0.0035885592467579386,0.020508216844072225,0.01991007708526471
2018-09-28,-0.006357856494096148,-0.006832825886851301,0.02668466708795325,-0.00011508259617781791
2018-10-05,-0.017721663619744032,-0.0117634477595977,0.01713272528886778,-0.04134007913060872
2018-10-12,-0.04127069059777366,0.0042203224759223,-0.02608280068628077,0.005822494609045548
2018-10-19,-0.0008492981157715018,-0.0015445402298849276,-0.011922035466025549,-0.006611307295688373
2018-10-26,-0.040436667435732376,0.0010432780515881035,-0.013552236672859874,-0.009834142553022396
2018-11-02,0.03063742549448878,-0.0035218860058938706,-0.037042671331862786,0.05095764746041642
2018-11-09,0.011652464330443868,0.0023802654356608333,-0.025159858572180838,-0.029221342973810294
2018-11-16,-0.014819579808474148,-0.0011873066129379772,-0.020638883208383696,0.024173484176614746
2018-11-23,-0.025859307625970218,-0.008501134685349965,-0.06622357400067758,-0.0009042651377607069
2018-11-30,0.032426553350785925,-0.0018165304268846771,0.0078054790243573535,0.01311180518775068
2018-12-07,-0.03668769522876225,0.018453139217470493,0.024248209224534634,0.006156251930905077
2018-12-14,-0.01331383519837237,-0.005289114430705566,-0.024058367905826605,-0.0075576308208302745
2018-12-21,-0.05478586985939449,-0.0026586189552344486,-0.06301906863956386,0.015154818708513484
2018-12-28,0.02039758937580105,0.002485590778098068,-0.013561473614575048,0.0010293976393298543
2019-01-04,0.017731633662043222,0.005533795680764619,0.03199992749945624,0.006106978049190248
2019-01-11,0.030814678658176442,0.00782618018082415,0.040408342480790393,0.02560828277185101
2019-01-18,0.021971163643774272,-0.012623218211474385,0.02581102581524597,0.0014712689065193851
2019-01-25,0.0019193140321795976,0.00969618616677459,-0.008030641505087033,0.010739973382599133
2019-02-01,0.014068739037952138,0.007575757575757569,0.009285948315548076,0.017192591438862204
2019-02-08,-0.004550918770393264,-0.0037770482544389195,-0.016025904436299032,-0.012036766854137182
2019-02-15,0.023819792732067357,-0.0030472680887251302,0.03305826540157675,-0.023479819232987587
2019-02-22,0.01108516681912275,0.009382996872334237,0.014759148165516045,0.027862130595548318
2019-03-01,0.004428307838819201,-0.004049295774647854,-0.018392736920521235,-0.006540644799020279
2019-03-08,-0.022565391042582705,0.0028637086795120226,4.058342735202558e-06,-0.007924343822108826
2019-03-15,0.02748778388078521,0.014348163294084504,0.02319739293120726,0.019435897594429652
2019-03-22,-0.006643851781921173,0.019497445521843293,0.0043986466922891765,0.002444477209749385
2019-03-29,0.007306033714672644,-0.017215517829140103,0.0003593542680229156,-0.0020736116919007896
2019-04-05,0.02106330785923194,-0.0032606056401539574,0.03029334091258984,0.0164940863773263
2019-04-12,0.004804915798470866,-0.0017400382808421266,0.010494373498546095,0.002850373687927066
2019-04-19,-0.0003333563234246828,-0.003869618267387187,0.0,0.0038039787186775476
2019-04-26,0.006243891220605979,0.00010499055085033682,-0.014840598173931685,-0.019534170738596424
2019-05-03,0.0029483018695433127,0.003674283514714771,-0.009656611064497889,0.003917621872417065
2019-05-10,-0.02311829182143421,0.0034516421448993473,-0.011989289309129347,-0.03614013343614103
2019-05-17,-0.005190291239488221,-0.004829575066884306,0.02100870085120432,-0.03974793795146475
2019-05-24,-0.009215401209961116,0.006633614971021551,-0.035389434023323285,0.0009156050472802213
2019-05-31,-0.022246941045606206,0.005029134295227555,-0.04489921440353384,0.027770156767176146
2019-06-07,0.03835354488901799,0.01735859474755852,-0.001108132858857136,-0.0074891420578983015
2019-06-14,0.0022845154146511337,-0.014246947082767969,-0.0005944506773388758,0.0063320210809126865
2019-06-21,0.02159528322731452,0.011631108052305494,0.03532802198262486,0.036441964626398704
2019-06-28,0.0019351607321735909,0.0018368596503162138,0.010393740290005171,0.007361308354267515
2019-07-05,0.011906655456838333,-0.0034293087056905813,-0.006683030548136681,0.004295083626444263
2019-07-12,0.0022455257898637004,0.0004429150625191447,0.03244271731944459,-0.005183340995474128
2019-07-19,-0.007684896825219001,0.0035758071107478973,-0.04265645254494055,0.011732866855907242
2019-07-26,0.009358771731768023,-0.0044114153856595895,0.0022594630308616637,-0.016071298850280358
2019-08-02,-0.029359460457000996,0.003510685435768268,-0.021261877149077346,-0.03776620109106449
2019-08-09,-0.007051991150442527,0.006079750016982466,-0.01738732745717597,-0.023973151774935753
2019-08-16,-0.012219746553404742,0.012862496202018736,-0.008521693506757355,-0.007898112754135489
2019-08-23,-0.005333709277599685,0.0033997733484436576,-0.006013041771222638,0.002576598718806722
2019-08-30,0.02024449300183062,0.0013951634334306018,0.009788978812012905,-0.002492173839315659
2019-09-06,0.018696673960106214,-0.006402176076428123,0.019039520397967635,0.019970714272048218
2019-09-13,0.014944200740959479,-0.012152372049544224,-0.0010722943343639546,0.019566865801884936
2019-09-20,-0.003012014466627133,0.01047686640305523,0.033176562969893464,-0.009234668410387947
2019-09-27,-0.010265049415992822,0.002408107294558315,-0.018349847792075602,-0.013720418034623205
2019-10-04,-0.009792796677484561,0.0032698274999165555,-0.024376081047689513,0.0026228294426293153
2019-10-11,0.012215944902192133,-0.011673151750972721,0.02659338711107173,0.010804203498541276
2019-10-18,0.008287198994667788,0.005047445992327981,-0.006328098979856311,0.011972560909166652
2019-10-25,0.012788987323295364,-0.0024775679657158545,0.023752182800771404,0.008683070909609403
2019-11-01,0.013580931263858176,0.004799624085386256,0.0018916581110903774,0.009045174069452155
2019-11-08,0.007864369701941598,-0.016801950763269624,0.00372776051962731,0.008130936628401475
2019-11-15,0.006489841986455858,0.004348712373445807,2.8135726745981415e-05,-0.02309789524535477
2019-11-22,-0.004269910073105954,0.0002706176848656927,-0.0034204042588253936,0.0036404090170272796
2019-11-29,0.008966278994217314,0.003889076766993682,-0.022960274248840395,-0.009670545655345197
2019-12-06,0.002683151952261431,0.0006400538992756832,0.03395567517140874,0.010827027122381705
2019-12-13,0.010928669292687099,0.009661998384056014,0.014587816338833326,0.03220137784186383
2019-12-20,0.013341097993541107,-0.007535594011536917,0.012552284791274015,0.013832580291451957
2019-12-27,0.006655869599289543,0.0050394758945069285,0.016407139553952677,0.010593464092684468
2020-01-03,-0.000664300097569015,0.008858432224636559,0.007287353421347564,0.010131001329908296
2020-01-10,0.005421799372649971,-0.007554671968190929,-0.029864682773149243,0.008049176483170273
2020-01-17,0.01600206611570254,0.005408653846153966,-0.0076490588331956655,0.004283607913470933
2020-01-24,-0.00871386592644563,0.0078036793517966,-0.0480775296492556,-0.024683969691602248
2020-01-31,-0.023212160997825415,0.006260502817226232,-0.042698332491157176,-0.04323151859145874
2020-02-07,0.0261264950802802,-0.00936507416745802,-0.008056107195548723,0.004823410839954967
2020-02-14,0.011952884349703874,-0.001090800912306178,0.02028202924973943,0.008419538416727712
2020-02-21,-0.012034181119482179,0.006452680344142925,0.011183453960165401,-0.015541802038492869
2020-02-28,-0.10809150928911415,0.0007233273056059808,-0.10482258289541002,-0.021798802581586063
2020-03-06,0.003052734262925405,0.0278936820317377,-0.03797127595766481,0.0032650189217757752
2020-03-13,-0.1311884303383256,-0.06987150802275788,-0.14326039892193876,-0.07076227252138628
2020-03-20,-0.12392177520247583,-0.0473195876288659,-0.1234951322793768,-0.05933552894537003
2020-03-27,0.1105449079293499,0.06810229773112586,-0.00015689863694312578,-0.01225868711128486
2020-04-03,-0.030252169087291225,-0.008712978285096873,0.053177369050810386,-0.00618223734988077
2020-04-10,0.11391044609457857,0.016863693659932677,0.0,0.024258997551058648
2020-04-17,0.020662865735229685,-0.004489413025998479,-0.08060891267367787,-0.004001827433934624
2020-04-24,-0.013455447246298435,0.0008413542437908372,-0.10762374231886018,-0.020004744030894694
2020-05-01,0.012469200328529828,0.009785130636537964,0.019205157697197217,0.045333951801715844
2020-05-08,0.029707472959685344,0.0016317016317015653,0.07226223179152114,-0.019346451316271107
2020-05-15,-0.02708380581782588,-0.009873998470693923,0.009949938721671714,-0.00023579060809725272
2020-05-22,0.035309417480492655,0.009703847961856082,0.04481009186891538,-0.009700504185163439
2020-05-29,0.03782617969805413,0.017491935752053545,0.030748838552193014,0.015255154603331045
2020-06-05,0.05947840781931535,0.0025492695362290263,0.05845354655530244,0.06344654441777708
2020-06-12,-0.046493582075075146,0.004433577832110958,-0.041385988548332864,0.007482240946024565
2020-06-19,0.020006103557017374,-0.001687708935120713,0.04255158956726879,0.0039408995612296716
2020-06-26,-0.022860498875258983,0.004714067427419755,-0.029109619956067867,0.01014350671416564
2020-07-03,0.031186210024948924,0.00944861506601069,0.0,0.028522999614852163
2020-07-10,0.012493126580886305,3.2055391717022985e-05,0.05854532381235744,0.035340964800969266
2020-07-17,0.016846610040623045,0.000993685290252122,-0.003659829129897596,-0.02342566314166672
2020-07-24,0.0005340910304751922,0.02075060842833354,0.013500011754472574,0.007506260109369833
2020-07-31,0.00526332646503036,0.019324883925210257,-0.006373046478587385,0.013244652978765092
2020-08-07,0.025233644859813165,-0.0045241905699865415,0.014146814048766831,-0.008100675148524084
2020-08-14,0.01265849009695863,-0.01165558818982837,0.013828624043275672,-0.0011385064492235308
2020-08-21,0.0008081180056875858,0.002220970970970848,0.0034057432183138836,0.005738233911321444
2020-08-28,0.02690188783384606,0.01051843066263003,0.018656695309804183,0.022800357859679155
2020-09-04,-0.022584080661696704,-0.007104027674820879,-0.035658157060270645,-0.004341108674727423
2020-09-11,-0.011690427698574313,0.0005288371803646719,-0.028833861215087797,-0.004011787976163528
2020-09-18,0.0035960103861847337,0.003917545005130085,0.04687416613793638,0.02410653618237979
2020-09-25,-0.020615804765864887,-0.015082535848121692,-0.027357998957790453,-0.04641887759567742
2020-10-02,0.018554820584319565,0.00899314508521476,-0.030864557006254456,0.017805348243360886
2020-10-09,0.03823471897738839,0.0035527299925204314,0.06221682750663993,0.028930043620222445
2020-10-16,-0.004232835702531745,0.005123905347494073,0.0022288597741724203,0.003701071298820302
2020-10-23,-0.0022996286746771455,-0.0007723916334537728,-0.010566361491482601,0.01657343154948615
2020-10-30,-0.0560666533626023,-0.00810092140251073,-0.050121510148664616,-0.0053409705602397994
2020-11-06,0.07670109195463048,0.008260598503740502,0.02376462392197376,0.03739725107048719
2020-11-13,0.026439027263712722,-0.007327253053022065,0.034482151761358715,-0.0032575703338596496
2020-11-20,0.007709230033476677,0.0124890992898965,0.025716926671316642,0.022059991431680692
2020-11-27,0.02603553665666891,0.01045864222215398,0.03798693041718737,0.0038926022569919505
2020-12-04,0.016780913791986984,0.005022983956893601,0.0012729761543337492,0.013661855871935802
2020-12-11,-0.005367881870206537,0.005936875265039276,0.011176245292252585,0.00738631951826163
2020-12-18,0.01759007711094651,0.005931948208370841,0.036325089826344525,0.005831910734521828
2020-12-25,-0.0006022688456215342,-0.002095369233992894,0.0,-0.013039765034859707
2021-01-01,0.011144190899360584,0.0,0.0,0.02371041808118224
2021-01-08,0.02760234126207539,-0.004079551249362656,0.04744306933206088,0.02404340287137896
2021-01-15,-0.012015131447961958,-0.0005120327700973704,0.007187166812057777,0.013232614991619651
2021-01-22,0.014964996977210987,-0.00030135004821585376,-0.010022952223767256,0.014927477939609135
2021-01-29,-0.03478043179875878,0.005365647796466977,0.00840867113832977,-0.022347186602783453
2021-02-05,0.044440668264587035,-0.00986447589349948,0.045370414999759134,0.02698331460202552
2021-02-12,0.018085133711819745,0.0044211610089937015,0.028900374856489552,0.026096028577109576
2021-02-19,-0.003877436013895008,-0.013174952515903393,0.013237673145090056,0.0028693920808780526
2021-02-26,-0.028117400702512785,-0.0017414151289257829,0.014683443532871765,-0.05352402312613419
2021-03-05,0.0005125888342512042,-0.003427697016067377,0.030171079873597018,-0.002957777780984272
2021-03-12,0.03162528981165513,0.0031016798206553453,0.0001861669494429563,-0.0086565146669908
2021-03-19,-0.0038467042078061953,-0.0001224589762428563,-0.03476020660685053,-0.004799924006412437
2021-03-26,0.0031940243016239656,0.005970606246172627,-0.002283345166407935,-0.03154518335710921
2021-04-02,0.011008726121087609,-0.002830619388221045,0.0,0.015108021564327667
2021-04-09,0.021794369787804913,-0.0020755753616995554,-0.005815868888176423,-0.013195124633583522
2021-04-16,0.015361158446598688,0.008503089251850504,0.03711853098807505,0.008869491090899184
2021-04-23,-0.0018388995511157136,0.0037001091835495714,0.011004132407446798,0.011862858658515496
2021-04-30,-0.0023732522405111034,-0.00135976309905117,0.023791364147771166,0.0068661840097499205
2021-05-07,0.013563750433443378,0.012829435081243012,0.03375878234599261,-0.0018579287463023064
2021-05-14,-0.014535878239146038,-0.0031069817464822735,-0.016348079518715086,-0.02229698405735847
2021-05-21,0.002502785357898496,0.006233330336539833,-0.016688591609155812,0.020069196145104495
2021-05-28,0.013859807363979071,0.009560115555290905,0.02533219172443313,0.028186927220800517
2021-06-04,0.006656446347294898,0.002537022833205338,0.027954200557237074,0.013984608097225792
2021-06-11,0.006107424387087557,0.004649246704331533,0.007072864959441372,0.0005032603929814305
2021-06-18,-0.021505039018077654,-0.021732763165602575,-0.02253936244473742,-0.014175397938501588
2021-06-25,0.024847110120788996,0.004101796407185665,0.019111439090966797,0.005067075931735832
2021-07-02,0.0047238059485543715,-0.0009839878343321784,0.021692328655130044,-0.02472381320473971
2021-07-09,0.0005526711139827167,0.0075513371537725416,-0.015390360353151333,-0.025078785485189825
2021-07-16,-0.011335169366257558,0.007257753947329304,-0.003293369143724134,0.023701803986987735
2021-07-23,0.014943225187085352,0.010822892771013448,0.008169382675783599,-0.030037874894416117
2021-07-30,0.0004031632811287711,0.010590631364562064,0.016244882553889672,-0.02006242438093475
2021-08-06,0.00971851943703883,-0.001554672655035283,-0.03425563442465762,0.0022831035999216764
2021-08-13,0.007191870193267169,0.0027681660899654403,0.006573009457285339,-0.007726421051132637
2021-08-20,-0.016475770253690403,-0.008252818035426768,-0.05775715872984932,-0.043609755741342626
2021-08-27,0.021129543394209138,0.010670068717562042,0.0701311597500931,0.042804976975159614
2021-09-03,0.011541263240962607,-0.00301230742748948,0.0052544076708938015,0.03557646598293007
2021-09-10,-0.013787516221710372,0.009093001841620652,0.0007307720414309049,0.004644343914536886
2021-09-17,-0.00683040366316523,-0.012290407208851328,0.015050597834651125,-0.022758695915638505
2021-09-24,0.002006540402686552,-0.010162542945405195,0.020181367259233918,-0.012607916776715244
2021-10-01,-0.024848091107119608,-0.009771036896602081,0.02217603503627963,9.404807038049245e-05
2021-10-08,0.005298470027589763,-0.00032400589101622135,0.027805816782251913,0.006946929589328632
2021-10-15,0.021893029783252915,0.0200948761012405,0.02773185241708709,0.012114022542532576
2021-10-22,0.012688070314645694,0.008405303139712883,-0.002808351494235306,0.00046725729238883407
2021-10-29,0.006185442737566937,-0.010025206232813888,-0.0031230502480171785,-0.023760845738294956
2021-11-05,0.01984994608841495,0.013280481453619597,-0.012832172063832248,-0.00908371481774406
2021-11-12,-0.002716533409690025,-0.004797121726963893,0.0022032758403272013,0.02320041222283281
2021-11-19,-0.003784058365787324,0.002324046710469707,-0.021543935438096296,-0.014935696025034528
2021-11-26,-0.02844389923070667,-0.004179309555161104,-0.04795873534107986,-0.027295667817784752
2021-12-03,-0.015471210162014248,0.003248246521789122,-0.027355988038555767,0.007251218744384724
2021-12-10,0.031227788250564048,-0.0022348929830090514,0.03789655598074293,0.0007873280753601941
2021-12-17,-0.014549214102698604,-0.012262010740028306,-0.007143494291151242,-0.014231405130985975
2021-12-24,0.021507420021895207,0.001395511105942715,0.0,0.00039244473093158483
2021-12-31,0.00800059539314546,0.002961328533271246,0.03870342225250245,0.008600801057119245
2022-01-07,-0.01714412285883049,-0.01878654547559766,0.030687670512085985,0.0024632997251551325
2022-01-14,-0.001652669060532741,0.012891996341859002,0.03608892680811793,0.032106761986965715
2022-01-21,-0.047705759304128015,-0.013310421156870755,0.020343627766959305,0.014115279871277975
2022-01-28,-0.00944231103525639,-0.0023910027452254123,0.018869671922391307,-0.03794299664853351
2022-02-04,0.019638968435662818,-0.011687773701029691,0.036579427480668114,0.016535125204917955
2022-02-11,-0.004083708194797642,-0.0020658064129815967,0.008014155522846123,0.019288680127974855
2022-02-18,-0.01725018263513034,0.010020400816032726,0.0008761328366508891,0.007154846964557704
2022-02-25,-0.0015986315713748533,-0.005940711697261292,0.014092770160576862,-0.049944572529414366
2022-03-04,-0.027940787946231893,0.022082113189505703,0.20035752438848942,-0.023800958329076805
2022-03-11,-0.017229877200062638,-0.012746674462797869,-0.03663431477051915,-0.045757481459832994
2022-03-18,0.059115860046092594,-0.011993248245432242,-0.02047487955953209,0.014399735888698362
2022-03-25,0.01106196440864382,-0.01459657115453783,0.07725546892945445,0.0003112336877308941
2022-04-01,0.0037721968742416845,0.0043799616753352755,-0.07716119839551672,0.026353461959750635
2022-04-08,-0.017074825158468254,-0.024529844644317178,0.0012585831018230298,-0.005965270781313925
2022-04-15,-0.014388945736065195,-0.009872403837198451,0.0,-0.006851689758801294
2022-04-22,-0.02534304454549119,-0.0008779355971531011,0.037650303933626006,-0.03356464313814034
2022-04-29,-0.0294370221128597,-0.01829593597991519,0.015944323072696553,-0.00017074602747879641
2022-05-06,-0.013059272934550559,-0.03212710184770795,0.01862224728881623,-0.03901312770527948
2022-05-13,-0.021421305794527834,0.012616837863725028,-0.004136222284023994,-0.025032581464889403
2022-05-20,-0.012508698831053322,-0.006066734074822944,0.008197636927701257,0.04560536036585122
2022-05-27,0.05359452636461759,0.009910412496308085,0.03544997393754579,-0.011787579809496629
2022-06-03,-0.006671803164873036,-0.012120227457351751,0.019827286412241074,0.023306191686765343
2022-06-10,-0.0487039830891316,-0.02687323202420877,0.01384987385359393,0.010448198124211605
2022-06-17,-0.060408397322748386,-0.029778604022308586,-0.05886226897041591,-0.017799982225633226
2022-06-24,0.050293234158203415,0.019439799331103513,-0.024341723813903315,-0.012377460807944107
2022-07-01,-0.0221538238044654,-0.004579317886679091,-0.020566296785827665,-0.008153575663922163
2022-07-08,0.017456058087818693,-0.02125102993683059,-0.026129346936320297,-0.0041134376615749035
2022-07-15,-0.014199801056771766,0.0010172226314497657,-0.039344640900595196,-0.03753873026220905
2022-07-22,0.034205678420336394,0.016364146050879658,0.008022922636103047,0.013701557258032349
2022-07-29,0.035831289496768726,0.03171866919496624,0.04450144899402386,-0.006557776853909347
2022-08-05,0.0029121767008579713,-0.008855472013366672,-0.06016323192846251,0.008279819972381586
2022-08-12,0.03121715004566683,-0.0034052596089010345,0.0445389878581397,0.00844496598348643
2022-08-19,-0.017897577727458702,-0.011603910822422736,-0.0033482263595746575,-0.013016145533317258
2022-08-26,-0.03144488212423113,-0.0068113362541073474,0.02869664323898946,0.022989973665320906
2022-09-02,-0.03370431207891578,-0.03618568425405799,-0.05392458155822577,-0.018214780721622525
2022-09-09,0.029052960747595558,-0.008724568241141317,0.0013969323254601207,-0.012633833119937377
2022-09-16,-0.041103514072189484,-0.01457273743822829,-0.023338827879624935,-0.018699837798198005
2022-09-23,-0.05248321034740078,-0.04703686079285485,-0.03940278593462232,-0.021768498669670067
2022-09-30,-0.023120600474468178,0.0028424368133979083,0.0030183325864172605,-0.020399620235945326
2022-10-07,0.01813404462846102,-0.029569480618967248,0.10092674237627164,0.013226545316579075
2022-10-14,-0.017097442715257705,-0.02115566782443956,-0.04006267688346454,-0.03661195534625972
2022-10-21,0.03299949277452341,0.036008064516129146,-0.009273128925050722,-0.014611018687280986
2022-10-28,0.04149617291676688,0.03989413458918767,0.018287461600852373,-0.043246643640397764
2022-11-04,-0.01851629304367919,-0.01695486189086015,0.04703596802841914,0.060216031045006446
2022-11-11,0.06869984553366248,0.04226156482010279,-0.023858371237422626,0.029541317274032974
2022-11-18,-0.0068654927467260984,0.0052968036529679186,-0.04232255401651519,0.009409583484311035
2022-11-25,0.017464303779495483,0.011082848837209447,-0.02173068580388504,-0.007307580759515875
2022-12-02,0.01139941563821889,0.013548966756513847,0.011779129724042603,0.04694822982730229
2022-12-09,-0.025853296769631218,-0.009751081483582724,-0.0632059607941996,0.016137493803108693
2022-12-16,-0.02019227364470111,-0.009668063164679275,0.028955681203117978,-0.011888075309245849
2022-12-23,-0.00014455697803628098,-0.013233539429439056,0.030750164939997493,-0.000553068926212541
2022-12-30,3.614446944433247e-05,-0.004323769740940286,0.00790870534234056,0.012390128137780843
2023-01-06,0.018433013165147116,0.009457917786037662,-0.05946918552761071,0.025844318663670984
2023-01-13,0.03522282652092534,0.021691578563616476,0.059387992834266656,0.03694215624890085
2023-01-20,-0.003436720631465273,0.0027118644067796183,0.018029760588895494,0.004651028375496746
2023-01-27,0.022609219126247027,0.0045905839649835745,-0.010891359953524193,-0.0024344773163242905
2023-02-03,0.01359863424972052,-0.0013106624158696345,-0.055643783982596284,-0.011303047844865244
2023-02-10,-0.014527985662844523,-0.016812683999574363,0.0395362528870975,-0.026334128172927185
2023-02-17,-0.0004798989686380928,-0.010101374508459937,-0.02641514913885734,-0.01662379845448303
2023-02-24,-0.0257837901581901,-0.011808010496009325,-0.005841027400325105,-0.016427235115169414
2023-03-03,0.019289796553602523,0.005015673981191293,0.03258746252891909,0.014485254039756534
2023-03-10,-0.0375186617806732,0.013834354702579654,-0.03373561899005284,-0.016133747870876014
2023-03-17,-0.003516502886352635,0.009664108875054422,-0.05875648104707254,-0.002049971485605928
2023-03-24,0.013195832522597373,0.010933859114536704,0.015247419089947645,0.018197135908727513
2023-03-31,0.03794584402660672,0.0075531914893616214,0.045816902339312016,0.003925806220505534
2023-04-07,-0.001959547537950357,0.007039031429275422,0.0,-0.001191978854085618
2023-04-14,0.014316772279897583,-0.010344948100513673,0.042921929214778,0.011800285182603232
2023-04-21,-0.0012378396789924917,-0.006462548998834805,-0.03433997760875329,-0.023732965740895007
2023-04-28,0.004009249554989935,0.00746427809767547,-0.014587809228985615,-0.0017732353351510577
2023-05-05,-0.0035541489925768888,-0.0029988710132656804,-0.033494955743356924,0.010708559031636755
2023-05-12,-0.004464768239451189,-0.006015782582539986,-0.011611526816948214,-0.008400613117169109
2023-05-19,0.012677679600460845,-0.01748015237281486,0.009376765682434174,-0.01072383061743476
2023-05-26,-0.005772910206505277,-0.014058989781868259,0.007349333937129776,-0.0045705903901777645
2023-06-02,0.018165831646703712,0.013928702682836969,-0.0013080465152579546,0.007078711414320038
2023-06-09,0.006102031838104649,0.0055456884990394695,0.00015942183016259825,0.015647718564134494
2023-06-16,0.025644762945868038,0.009984860500324322,0.039467803486093356,0.022614427121529612
2023-06-23,-0.022256083118851633,0.0005353510118133453,-0.02711186613948313,-0.02770748074608309
2023-06-30,0.02276269147226717,-0.002496967967468011,-0.0010291499777480562,-0.012762968968699107
2023-07-07,-0.01296363550236046,-0.012802174224002205,0.022095379522638403,0.00338863516030502
2023-07-14,0.033586626139817666,0.023400709990581747,0.024472042545334638,0.040233800968768274
2023-07-21,0.0032580348091224565,0.001168058898485258,0.022741105353038193,-0.013551058394873805
2023-07-28,0.009426103054612556,-0.0053031642213187125,0.029269786427624123,0.025998980564787222
2023-08-04,-0.022183674405098497,-0.006682068597831825,0.0023042962073136497,-0.01742455586005176
2023-08-11,-0.005173532147015769,-0.011020860915304076,0.004163959766123826,-0.01950723571979679
2023-08-18,-0.026065029026607123,-0.01193965049386736,-0.013731215089835658,-0.021008453900056012
2023-08-25,0.00461368457561373,0.0034787066534842648,0.006163850993143427,0.00946073033848982
2023-09-01,0.027932332939920146,0.004561377901036279,0.024937123266498995,0.0024155538534244014
2023-09-08,-0.014918378505037855,-0.00555777543681224,0.015436118323467696,-0.00771339763634421
2023-09-15,0.004900095147478689,-0.0031049094097017615,0.02401993741207864,0.013095501142482369
2023-09-22,-0.027781722924458352,-0.00765820233776715,-0.00999063954331525,-0.005586341476313983
2023-09-29,-0.008164457826436378,-0.015139206853260312,-0.0015287669189752995,-0.005979929082999158
2023-10-06,-0.005523234406068167,-0.01777144571085787,-0.05329801649541732,-0.014688112390704167
2023-10-13,0.004665284360189537,0.013512481868844795,0.04240217970138982,0.01225491323495953
2023-10-20,-0.02451209224998574,-0.009264838806869458,0.009360471402313886,-0.014625600659615157
2023-10-27,-0.020728738141213898,0.004257583821181576,-0.014592031021120833,0.009170047430453632
2023-11-03,0.05672962337428511,0.02649708532061479,-0.0218384994592008,0.006475370829132188
2023-11-10,0.0034480520534163617,-0.008038940924847027,-0.03678411281943006,-0.001703379680394912
2023-11-17,0.031871801298480884,0.02152416356877329,-0.0018488713520123934,0.02302733457417394
2023-11-24,0.009911851126346738,-0.00032752283562009765,-0.002933042822425236,0.005451748817642765
